latitude, longitude, altitude 
55.3672241, 10.4303554, 96.77985653218946 
55.3672256, 10.430356, 96.84385365322784 
55.3672275, 10.430356, 96.96585129474616 
55.3672293, 10.4303553, 96.9928502468981 
55.3672307, 10.4303549, 97.16084918705886 
55.3672327, 10.430356, 97.0728448398728 
55.3672341, 10.4303559, 97.05184327150467 
55.3672363, 10.4303558, 97.0018407100502 
55.3672383, 10.4303558, 97.09783822734332 
55.3672405, 10.4303561, 97.04983498783605 
55.3672419, 10.4303554, 97.10283443643891 
55.3672449, 10.4303562, 97.0598293562721 
55.3672468, 10.4303564, 97.0688266586217 
55.3672484, 10.4303549, 97.2388272149347 
55.3672505, 10.4303558, 97.38582308244914 
55.3672525, 10.4303525, 97.45682619323331 
55.367255, 10.4303533, 97.5848217336439 
55.367256, 10.4303522, 97.60382235675081 
55.367258, 10.43035, 97.33182360295176 
55.36726, 10.4303489, 97.2028229845977 
55.3672611, 10.4303489, 97.27082161899978 
55.3672626, 10.4303471, 97.21982280787574 
55.3672637, 10.4303456, 97.221823984818 
55.3672642, 10.4303445, 97.11882522862211 
55.3672666, 10.4303455, 96.99982055405454 
55.367268, 10.4303447, 96.73782017200992 
55.3672696, 10.430343, 96.73582106719091 
55.3672715, 10.4303421, 96.47982023388427 
55.3672741, 10.4303428, 96.04281581944977 
55.3672766, 10.4303455, 95.68880813905689 
55.3672778, 10.4303449, 95.6798076662518 
55.3672782, 10.4303453, 95.66480649162447 
55.3672787, 10.4303445, 95.55980722689205 
55.3672783, 10.4303441, 95.61580840151996 
55.3672782, 10.430344, 95.62180869517675 
55.3672767, 10.4303424, 96.07881326952537 
55.3672771, 10.4303423, 96.27781294242051 
55.3672774, 10.4303429, 96.52881155294062 
55.3672801, 10.4303426, 96.15480870932137 
55.3672824, 10.4303431, 96.09980500625686 
55.3672838, 10.4303425, 95.88480428511268 
55.3672849, 10.4303434, 95.45980139386478 
55.3672889, 10.430347, 95.29879032543519 
55.367291, 10.4303489, 95.12978449752136 
55.3672952, 10.4303505, 94.97477657073371 
55.3672987, 10.4303505, 95.33977222508491 
55.3673018, 10.4303525, 94.85676498592292 
55.3673036, 10.4303527, 94.6807624119588 
55.3673069, 10.4303548, 94.2007547548804 
55.367309, 10.4303551, 93.90775163886607 
55.3673112, 10.4303553, 93.76674856817016 
55.3673137, 10.4303562, 93.84874393839947 
55.3673163, 10.4303573, 93.59573884541456 
55.3673186, 10.4303579, 93.47973497244537 
55.3673213, 10.4303573, 93.48873263684695 
55.3673234, 10.4303579, 93.09572901217254 
55.3673251, 10.4303567, 93.21272893530524 
55.3673284, 10.4303604, 92.95571856575812 
55.3673303, 10.4303607, 92.562715697888 
55.3673314, 10.4303607, 91.9917143319429 
55.3673345, 10.430362, 91.57770827882831 
55.3673377, 10.4303631, 91.68370244050288 
55.3673417, 10.430367, 91.12469086243175 
55.3673453, 10.4303672, 91.08068605283641 
55.3673481, 10.4303684, 90.87768054157084 
55.3673511, 10.4303683, 90.69367698551639 
55.3673546, 10.430368, 90.7486731475038 
55.367358, 10.4303662, 90.75467197627101 
55.3673609, 10.4303655, 90.83066956133722 
55.3673631, 10.4303638, 91.33166971080392 
55.3673661, 10.4303622, 91.79766869720297 
55.3673692, 10.4303605, 92.38466772888081 
55.3673721, 10.4303582, 92.56166802596672 
55.3673744, 10.4303571, 92.79566703407868 
55.3673769, 10.4303568, 92.60666443769779 
55.3673791, 10.4303541, 92.7086662821163 
55.3673818, 10.4303538, 92.6106634372894 
55.367385, 10.4303542, 92.5796587848609 
55.3673873, 10.4303523, 92.78565914892891 
55.3673903, 10.4303503, 93.12465881306815 
55.3673924, 10.4303487, 93.38565891696327 
55.3673949, 10.4303472, 93.52765835451306 
55.3673964, 10.4303455, 93.54165937310887 
55.3673986, 10.4303444, 93.68365850519643 
55.3673991, 10.4303417, 93.64466246092806 
55.3674012, 10.4303408, 93.62166137817928 
55.3674032, 10.4303405, 93.84265940256198 
55.3674051, 10.4303399, 93.97565805966536 
55.367408, 10.4303383, 94.02365716975578 
55.3674086, 10.4303375, 93.94665778057438 
55.3674099, 10.4303353, 93.82165989505415 
55.3674109, 10.430336, 93.55065746637968 
55.3674138, 10.4303368, 93.54765250816533 
55.3674167, 10.4303381, 93.38864670236055 
55.367418, 10.4303399, 93.16564203639518 
55.3674209, 10.4303423, 92.84563436590975 
55.3674235, 10.430344, 92.58162825460364 
55.3674252, 10.430344, 92.50062614291068 
55.3674272, 10.4303445, 92.34462281099405 
55.3674296, 10.4303466, 92.03161626999875 
55.3674321, 10.4303487, 91.43560960474898 
55.3674353, 10.4303496, 91.27660410405139 
55.3674375, 10.4303495, 91.37460154066156 
55.367441, 10.4303498, 91.44259668428276 
55.3674421, 10.4303494, 91.4825959958558 
55.3674447, 10.4303497, 91.46159225744564 
55.3674479, 10.4303496, 91.28658845168852 
55.3674493, 10.4303502, 91.28458569541814 
55.3674514, 10.430348, 91.19158681588814 
55.3674527, 10.430347, 91.434586896029 
55.3674541, 10.4303459, 91.80058702144504 
55.3674555, 10.4303461, 91.99558494318944 
55.3674578, 10.4303459, 91.97358242488893 
55.3674602, 10.4303453, 92.00858046038366 
55.3674611, 10.4303419, 92.592585105716 
55.3674644, 10.4303435, 92.52957829378764 
55.3674661, 10.4303423, 93.00557821594342 
55.3674681, 10.4303415, 93.09557708732692 
55.3674702, 10.4303427, 92.90857244419679 
55.3674716, 10.4303436, 92.87656917925074 
55.3674738, 10.4303433, 92.68456695454327 
55.3674746, 10.4303419, 92.18556833381581 
55.3674769, 10.4303418, 92.24756564581425 
55.3674808, 10.4303481, 91.40655012104344 
55.3674818, 10.430344, 92.23755582868756 
55.3674832, 10.4303431, 92.61655561491146 
55.3674862, 10.4303407, 92.8125559559287 
55.3674892, 10.4303397, 92.95155392371703 
55.3674911, 10.4303415, 92.90554851179238 
55.3674951, 10.4303449, 92.3765377784101 
55.3674998, 10.4303476, 92.11252736178594 
55.3675036, 10.4303485, 91.98252111459391 
55.3675069, 10.430349, 91.73151616666553 
55.3675095, 10.4303493, 91.62751242750446 
55.3675106, 10.4303501, 91.41250970457244 
55.3675129, 10.4303514, 91.2115046429792 
55.3675144, 10.430351, 91.2035034571887 
55.3675164, 10.4303504, 91.23750198913055 
55.3675192, 10.4303487, 90.90050139165791 
55.3675225, 10.4303472, 90.93749983381866 
55.3675249, 10.430346, 90.83149888574293 
55.367527, 10.4303444, 90.58049898849482 
55.3675292, 10.4303421, 90.55850015357638 
55.3675328, 10.430343, 90.68649415442346 
55.3675343, 10.4303368, 91.23650280043118 
55.3675364, 10.4303337, 91.9135054458352 
55.3675386, 10.4303322, 92.13950525470415 
55.3675418, 10.430333, 92.01449992201205 
55.3675436, 10.4303308, 92.41950141451932 
55.3675462, 10.4303289, 92.67350140430548 
55.367549, 10.4303275, 92.85150029794306 
55.367553, 10.4303294, 92.71249210625119 
55.3675553, 10.4303285, 92.81249077360056 
55.3675544, 10.4303206, 93.93250528380578 
55.3675581, 10.4303235, 93.7004957697054 
55.3675625, 10.4303239, 93.73548962349138 
55.3675646, 10.4303218, 93.999490573499 
55.3675667, 10.430319, 94.48149271009916 
55.3675688, 10.4303194, 94.39748942217207 
55.3675714, 10.4303196, 94.39848585185322 
55.3675747, 10.4303178, 94.71948480185335 
55.3675777, 10.4303162, 94.8764837856269 
55.3675813, 10.4303153, 95.08648083704087 
55.367586, 10.4303182, 95.16947007961645 
55.3675885, 10.4303182, 95.30546697242275 
55.3675933, 10.4303238, 94.34045151356631 
55.3675984, 10.4303286, 93.9634370378241 
55.3676027, 10.4303319, 93.5404260990691 
55.3676061, 10.4303333, 93.51341949974363 
55.3676084, 10.4303322, 93.74541850561425 
55.3676108, 10.4303325, 93.5814150138991 
55.3676143, 10.430335, 93.2904064254324 
55.3676174, 10.4303361, 93.19240070738184 
55.3676191, 10.4303349, 93.31940062847913 
55.3676214, 10.4303342, 93.54839895614609 
55.3676249, 10.4303356, 93.37739223221683 
55.3676301, 10.430343, 92.26937322377549 
55.367638, 10.4303568, 90.24434000933348 
55.3676495, 10.4303768, 87.42829180846618 
55.3676607, 10.4303965, 84.51324448803729 
55.3676682, 10.4304082, 83.05321532894769 
55.367675, 10.4304173, 81.88119144748788 
55.3676782, 10.430422, 81.38317950100725 
55.3676852, 10.4304338, 80.27415079307144 
55.3676894, 10.4304388, 79.87713709436346 
55.3676919, 10.4304414, 79.59112957807585 
55.367696, 10.4304452, 79.19811803790756 
55.3676992, 10.430449, 78.78510761673047 
55.3677023, 10.4304529, 78.45909715029765 
55.3677092, 10.4304665, 76.44606551383345 
55.3677143, 10.4304748, 75.63404510062462 
55.3677176, 10.4304795, 75.18703302885217 
55.3677225, 10.4304879, 73.95901269448075 
55.367726, 10.430493, 73.4849996956405 
55.3677288, 10.4304977, 73.29298824537062 
55.3677321, 10.4305038, 72.9599737997031 
55.367735, 10.4305084, 72.8699623944674 
55.3677385, 10.4305146, 72.74094753035787 
55.3677407, 10.4305186, 72.77393801276631 
55.3677424, 10.4305223, 72.79692962558218 
55.3677438, 10.4305257, 72.75392212008971 
55.3677458, 10.4305302, 72.83891200342211 
55.3677477, 10.4305343, 72.98690268924622 
55.3677491, 10.4305382, 72.96289433596519 
55.3677502, 10.4305414, 73.01088754256241 
55.3677512, 10.4305451, 73.02888002580286 
55.3677521, 10.4305493, 72.94387178568333 
55.3677536, 10.430554, 72.94186195159568 
55.367755, 10.4305576, 72.7978541068247 
55.3677565, 10.4305627, 72.62184359450005 
55.3677574, 10.4305672, 72.55583484565153 
55.3677581, 10.4305713, 72.51582702370834 
55.3677584, 10.4305765, 72.33681783425469 
55.3677591, 10.4305824, 72.2998069604566 
55.3677602, 10.4305878, 72.24379643684867 
55.3677613, 10.4305926, 72.01778693048544 
55.3677623, 10.4305981, 71.81077636164451 
55.3677636, 10.4306039, 71.32676491099173 
55.3677641, 10.4306092, 70.89675530307461 
55.3677647, 10.4306146, 70.85574540120393 
55.367766, 10.4306193, 70.69173581548219 
55.3677665, 10.4306233, 70.61772841162437 
55.3677673, 10.4306276, 70.47472012595813 
55.3677681, 10.4306321, 70.29071150117201 
55.3677682, 10.4306365, 70.26070391659312 
55.3677689, 10.430641, 70.26869541615059 
55.3677698, 10.4306449, 70.160687684225 
55.3677707, 10.4306495, 70.14167876542237 
55.3677711, 10.4306541, 70.11467046851982 
55.3677714, 10.4306591, 69.93266161777555 
55.3677715, 10.4306639, 69.87865335488566 
55.3677721, 10.4306686, 69.80664463960163 
55.3677726, 10.4306732, 69.69263621823568 
55.3677733, 10.4306781, 69.541627039416 
55.3677736, 10.4306819, 69.4446202232142 
55.3677739, 10.430687, 69.23961120279489 
55.3677743, 10.4306914, 69.09860324484835 
55.3677743, 10.4306953, 68.96259663221184 
55.3677747, 10.4306996, 68.84758884378918 
55.3677748, 10.4307043, 68.6945807502936 
55.367775, 10.4307082, 68.46257388883939 
55.3677751, 10.4307128, 68.30756596486765 
55.3677755, 10.4307171, 68.27655817638042 
55.3677751, 10.4307215, 68.23255121343811 
55.3677748, 10.4307265, 68.08554310874798 
55.3677743, 10.4307311, 68.01553593105011 
55.3677744, 10.4307351, 67.86152902434586 
55.3677744, 10.4307404, 67.73052003776013 
55.3677748, 10.4307454, 67.67151106226692 
55.3677751, 10.4307495, 67.58950373717556 
55.3677755, 10.4307541, 67.53249543988069 
55.3677757, 10.4307584, 67.46448790003018 
55.3677762, 10.4307625, 67.37248032610874 
55.3677766, 10.4307676, 67.2754711809578 
55.3677773, 10.4307725, 67.2724620017272 
55.3677778, 10.4307766, 67.17745442775106 
55.3677785, 10.430781, 67.11144609628576 
55.3677785, 10.4307848, 67.04943965293332 
55.3677789, 10.4307887, 67.01443254242962 
55.3677788, 10.4307932, 66.96442503650965 
55.3677785, 10.4307983, 66.8654167619856 
55.3677788, 10.4308022, 66.73840977583376 
55.3677796, 10.4308063, 66.67740182856343 
55.3677797, 10.4308102, 66.67739509117473 
55.36778, 10.430814, 66.52338827454594 
55.3677803, 10.4308188, 66.42337976225718 
55.3677809, 10.4308233, 66.50637138545335 
55.3677818, 10.4308272, 66.44436365283002 
55.3677826, 10.4308314, 66.42435553588872 
55.3677834, 10.430835, 66.44734843632492 
55.3677835, 10.4308392, 66.3533411901402 
55.3677838, 10.4308436, 66.30333335600923 
55.3677841, 10.430847, 66.46232721753333 
55.3677846, 10.4308509, 66.37931998241015 
55.3677849, 10.4308554, 66.34631197866625 
55.367785, 10.4308586, 66.31030642809174 
55.3677849, 10.4308623, 66.3213002784687 
55.3677854, 10.4308667, 66.3852921954491 
55.3677864, 10.4308709, 66.42028382954139 
55.367787, 10.4308749, 66.38727630035964 
55.367787, 10.4308796, 66.39526833058837 
55.3677877, 10.4308831, 66.45926152482221 
55.3677876, 10.4308873, 66.32925452727484 
55.3677877, 10.4308923, 66.24824592434163 
55.3677882, 10.430897, 66.15923733248741 
55.367789, 10.4309015, 66.14622870654317 
55.3677894, 10.4309065, 66.13121973033648 
55.3677898, 10.4309102, 66.04521295854816 
55.3677899, 10.4309152, 65.96320435551925 
55.3677903, 10.43092, 66.06619571839951 
55.3677909, 10.4309243, 66.09218768031415 
55.3677915, 10.4309285, 66.11917981178433 
55.367792, 10.4309331, 66.07617138934751 
55.3677927, 10.4309373, 66.03016339637384 
55.3677923, 10.4309424, 65.99215524569516 
55.3677927, 10.4309469, 66.05714711718556 
55.3677932, 10.4309512, 66.02513920340064 
55.3677932, 10.4309562, 66.10413072461078 
55.3677932, 10.4309596, 66.13812495902269 
55.367793, 10.4309641, 66.09011757690175 
55.3677925, 10.4309691, 66.08610972010855 
55.3677927, 10.4309734, 66.16210217947382 
55.3677933, 10.4309775, 66.18909448034015 
55.3677935, 10.4309811, 66.1970881267201 
55.3677934, 10.4309845, 66.1950824854764 
55.3677933, 10.4309895, 66.15907413096807 
55.3677933, 10.4309944, 66.17506582160924 
55.3677939, 10.4309991, 66.18405710492453 
55.3677944, 10.4310037, 66.20804868220984 
55.367795, 10.4310077, 66.20704115254392 
55.3677955, 10.4310115, 66.179034086435 
55.3677957, 10.4310161, 66.16102603690473 
55.3677961, 10.4310204, 66.1990182472742 
55.3677967, 10.4310245, 66.12801054796289 
55.3677974, 10.4310293, 66.19100153714808 
55.3677977, 10.4310337, 66.19099370229708 
55.3677982, 10.4310377, 66.12898629692998 
55.3677979, 10.4310425, 66.09797853020554 
55.367798, 10.4310466, 66.09097145288625 
55.3677985, 10.4310508, 66.04696370830803 
55.3677986, 10.4310555, 66.04995561345744 
55.3677986, 10.4310598, 66.02194832134242 
55.3677989, 10.431064, 65.96594082554871 
55.3677989, 10.4310689, 65.93393251589535 
55.3677993, 10.431073, 65.98092506523821 
55.3678, 10.4310772, 65.93091707172785 
55.3678002, 10.4310816, 65.91690936111658 
55.3678005, 10.4310851, 65.889903052348 
55.3678007, 10.4310893, 65.84889568088093 
55.367801, 10.431094, 65.90388733704575 
55.3678012, 10.4310982, 65.87787996554759 
55.3678013, 10.4311029, 65.86887187051582 
55.3678017, 10.4311072, 65.80986408055986 
55.3678014, 10.431111, 65.71785800946836 
55.3678012, 10.4311148, 65.7168518139466 
55.3678012, 10.4311195, 65.75884384327405 
55.3678011, 10.4311234, 65.681837353719 
55.3678012, 10.4311278, 65.7048297673639 
55.3678016, 10.4311318, 65.73282248609092 
55.3678016, 10.4311357, 65.68581587207798 
55.3678018, 10.4311398, 65.58780867002974 
55.3678023, 10.4311445, 65.66280007715729 
55.3678028, 10.4311488, 65.63679216262972 
55.3678037, 10.4311535, 65.65178307202738 
55.3678041, 10.4311576, 65.64577562106918 
55.3678041, 10.431162, 65.53976815901234 
55.3678046, 10.4311665, 65.52875990522958 
55.3678052, 10.4311712, 65.66375118781751 
55.3678053, 10.4311752, 65.59474427966165 
55.3678057, 10.4311796, 65.58373631984352 
55.367806, 10.4311839, 65.6327286540275 
55.367806, 10.4311883, 65.58572119187765 
55.3678059, 10.4311932, 65.55171300616428 
55.3678061, 10.4311979, 65.60070478634574 
55.3678062, 10.4312029, 65.6616961821485 
55.3678057, 10.4312074, 65.63368917246949 
55.3678061, 10.4312109, 65.67668273890101 
55.3678054, 10.4312145, 65.64067750441774 
55.367805, 10.431219, 65.63367037027483 
55.3678049, 10.4312232, 65.72366337162907 
55.3678043, 10.4312283, 65.6096554687263 
55.3678041, 10.431233, 65.61464774648967 
55.367804, 10.4312367, 65.63664159579139 
55.3678036, 10.4312413, 65.57363429197791 
55.3678032, 10.431246, 65.62162681855041 
55.3678032, 10.43125, 65.6516200345926 
55.367803, 10.4312542, 65.59461316027819 
55.3678029, 10.431259, 65.63460514392494 
55.3678022, 10.4312619, 65.59260109652001 
55.3678009, 10.4312661, 65.56859559086774 
55.3678005, 10.4312702, 65.62858913495984 
55.3678, 10.4312738, 65.6605836514708 
55.3677996, 10.4312784, 65.59957634753479 
55.367799, 10.4312826, 65.66856997084305 
55.3677982, 10.4312864, 65.60756452139867 
55.3677975, 10.4312903, 65.77555877791481 
55.3677964, 10.4312939, 65.77755404093156 
55.3677954, 10.4312979, 65.72954850110125 
55.3677948, 10.4313028, 65.83254093713023 
55.3677942, 10.4313071, 65.90753439076046 
55.367793, 10.4313104, 65.9625302869645 
55.3677912, 10.4313136, 66.17552709931108 
55.3677899, 10.4313172, 66.38252261110482 
55.3677889, 10.4313216, 66.39151639278202 
55.3677879, 10.4313263, 66.37250966563144 
55.367786, 10.4313305, 66.24050490629894 
55.3677851, 10.4313345, 66.24249924192432 
55.3677845, 10.4313387, 66.13549286505807 
55.367783, 10.4313431, 66.1294872687742 
55.367782, 10.431347, 66.06848189838809 
55.3677807, 10.4313512, 65.97147639243842 
55.3677803, 10.431355, 66.04147044510054 
55.3677796, 10.4313592, 66.08446419259285 
55.3677791, 10.4313629, 66.15445853926173 
55.3677785, 10.4313672, 66.3334519927011 
55.3677777, 10.4313718, 66.35444518614887 
55.3677767, 10.4313764, 66.31543862842412 
55.3677764, 10.4313798, 66.25343323502742 
55.3677755, 10.4313829, 66.31442909697489 
55.3677742, 10.4313869, 66.29842393012386 
55.3677737, 10.4313908, 66.36241793750116 
55.3677724, 10.4313951, 66.26241226179755 
55.3677718, 10.4313994, 66.29940571513573 
55.3677713, 10.4314034, 66.34739955286831 
55.3677712, 10.4314083, 65.94039136642022 
55.3677701, 10.4314135, 65.8613839153293 
55.3677697, 10.4314175, 65.78337762860113 
55.3677687, 10.4314217, 65.93537174916158 
55.3677673, 10.4314264, 65.94436551933256 
55.3677675, 10.4314302, 65.8633588252709 
55.3677672, 10.4314342, 65.68335241407485 
55.3677672, 10.4314383, 65.7063454599949 
55.367767, 10.4314427, 65.74033824590636 
55.3677661, 10.4314473, 65.69033156352091 
55.3677657, 10.4314521, 65.70732391979328 
55.3677652, 10.431456, 65.7163179269878 
55.3677654, 10.4314598, 65.71331123284256 
55.3677662, 10.4314636, 65.82130379216008 
55.3677663, 10.4314677, 65.9802967135683 
55.3677659, 10.4314723, 66.08728940899809 
55.3677659, 10.4314766, 66.08928211557128 
55.3677656, 10.4314794, 66.17327773962019 
55.3677663, 10.4314827, 66.10227127137027 
55.3677669, 10.4314878, 66.1222618744496 
55.3677668, 10.4314925, 66.08125402692826 
55.3677665, 10.431497, 66.04924676746866 
55.3677663, 10.4315019, 66.1072387051048 
55.3677671, 10.431505, 66.1242324515978 
55.3677668, 10.4315091, 66.02722587056573 
55.367767, 10.431514, 66.00621731046246 
55.3677678, 10.4315179, 66.00620969997482 
55.3677684, 10.4315221, 65.95620182946425 
55.3677681, 10.4315266, 65.96319456990534 
55.3677673, 10.4315306, 65.91618878055064 
55.3677673, 10.4315347, 65.89618182616712 
55.3677674, 10.4315396, 65.87817339038875 
55.3677687, 10.4315431, 65.8961658361637 
55.367771, 10.4315461, 65.84115788575089 
55.3677731, 10.431549, 65.7721503537783 
55.3677745, 10.4315518, 65.79514386239796 
55.3677725, 10.4315559, 65.78213939650568 
55.3677721, 10.4315601, 65.76113277012408 
55.3677725, 10.4315636, 65.7851263356552 
55.3677722, 10.4315675, 65.75112009368782 
55.3677712, 10.4315724, 65.79011302648573 
55.3677695, 10.4315763, 65.70710852648747 
55.3677702, 10.431581, 65.61409968322134 
55.3677703, 10.4315861, 65.66609090801208 
55.3677697, 10.43159, 65.62308503926761 
55.3677685, 10.4315934, 65.39708076520125 
55.3677676, 10.4315992, 65.39007204686075 
55.3677658, 10.4316021, 65.29406936745524 
55.3677667, 10.4316067, 65.11806044487602 
55.3677661, 10.4316115, 65.23505304944737 
55.3677655, 10.4316151, 65.19404768950693 
55.3677616, 10.431619, 65.01304592677387 
55.3677637, 10.4316244, 65.16003415401929 
55.3677621, 10.4316279, 65.09803020794305 
55.3677595, 10.4316313, 64.91602767574022 
55.3677593, 10.431635, 64.96602164841401 
55.3677589, 10.4316392, 64.89901502179586 
55.3677595, 10.4316428, 64.7770081686646 
55.3677608, 10.4316477, 64.90799823937127 
55.3677597, 10.4316515, 64.81899316221643 
55.3677574, 10.4316553, 64.66798957816711 
55.367755, 10.4316606, 64.69798357409296 
55.3677537, 10.431665, 64.68497772796833 
55.3677543, 10.4316693, 64.66496968737852 
55.3677539, 10.4316735, 64.81796306065766 
55.3677539, 10.4316767, 64.81495763251704 
55.3677527, 10.4316814, 64.82595115302922 
55.3677484, 10.4316869, 64.93194717364048 
55.3677466, 10.4316911, 64.81094228879654 
55.3677458, 10.4316956, 64.7719356508122 
55.3677444, 10.4316995, 64.83393077713463 
55.367742, 10.4317042, 64.76692579061341 
55.3677405, 10.4317082, 64.68792087168953 
55.367739, 10.4317124, 64.70791561348614 
55.3677365, 10.4317162, 64.592912277994 
55.3677356, 10.4317205, 64.57190610360253 
55.3677356, 10.4317242, 64.64989982721313 
55.3677337, 10.4317281, 64.49189557552211 
55.367733, 10.4317339, 64.49588660776017 
55.3677316, 10.4317394, 64.61587901980732 
55.3677314, 10.4317448, 64.64687010843818 
55.3677324, 10.4317494, 64.65086106108653 
55.367732, 10.4317531, 64.69085528230003 
55.3677313, 10.4317574, 64.66284885895506 
55.3677306, 10.4317623, 64.72484141778699 
55.367731, 10.4317672, 64.71883260798495 
55.3677295, 10.4317716, 64.61582701031884 
55.3677291, 10.4317762, 64.68281970475033 
55.3677279, 10.4317793, 64.6588159390648 
55.3677265, 10.4317834, 64.65081072584307 
55.3677251, 10.431788, 64.70980466442201 
55.3677237, 10.4317924, 64.73679894225614 
55.3677211, 10.4317964, 64.68379539162834 
55.3677207, 10.4318016, 64.77578706815588 
55.3677202, 10.4318042, 64.69078327966336 
55.3677187, 10.4318072, 64.69578005678085 
55.3677176, 10.4318121, 64.67677311309808 
55.3677166, 10.4318167, 64.74876655389622 
55.3677162, 10.4318214, 64.82375907854413 
55.3677154, 10.4318257, 64.78475277939657 
55.3677142, 10.4318296, 64.76574765645515 
55.3677135, 10.4318337, 64.76074157214464 
55.3677142, 10.4318378, 64.76073374600347 
55.3677146, 10.4318421, 64.76572595381296 
55.367714, 10.4318467, 64.74271889684854 
55.3677151, 10.4318518, 64.76370887658204 
55.3677149, 10.4318556, 64.78370267904961 
55.3677149, 10.4318598, 64.7626955541056 
55.3677156, 10.4318648, 64.86968620108836 
55.3677159, 10.4318699, 64.861677176077 
55.3677152, 10.4318757, 64.86466820772695 
55.3677149, 10.4318806, 64.88266026846988 
55.3677134, 10.4318837, 64.80165687579549 
55.3677139, 10.4318888, 64.7896476018797 
55.3677149, 10.4318937, 64.82463804513529 
55.3677148, 10.4318973, 64.80263206235537 
55.3677145, 10.4319015, 64.80562531053499 
55.367713, 10.4319049, 64.7376214088888 
55.3677125, 10.4319087, 64.71661558446476 
55.3677119, 10.4319139, 64.62960750941014 
55.3677111, 10.4319184, 64.69760087069513 
55.3677095, 10.4319232, 64.65059471837081 
55.36771, 10.4319274, 64.64058697112955 
55.3677094, 10.4319311, 64.58658144070941 
55.3677093, 10.4319349, 64.44057511854105 
55.3677082, 10.43194, 64.59556783512777 
55.3677069, 10.4319451, 64.64456080053021 
55.3677065, 10.4319499, 64.64555315509747 
55.367706, 10.431954, 64.63954682160545 
55.3677061, 10.431958, 64.61553991124279 
55.367704, 10.4319624, 64.4875350594628 
55.3677023, 10.4319671, 64.48052920104277 
55.3677019, 10.4319721, 64.55552121623654 
55.367701, 10.431977, 64.47251402314649 
55.3677001, 10.4319822, 64.56750632108768 
55.3676992, 10.4319864, 64.50750031551568 
55.3676985, 10.4319908, 64.43849372179596 
55.3676983, 10.4319958, 64.45448548807332 
55.3676987, 10.4319999, 64.39347803469722 
55.3676976, 10.432004, 64.35847244755813 
55.3676974, 10.4320086, 64.44046489239666 
55.3676967, 10.4320125, 64.37545914687051 
55.3676957, 10.4320167, 64.31745326562378 
55.367695, 10.4320213, 64.3534463325027 
55.3676945, 10.4320254, 64.3254399988011 
55.3676939, 10.4320301, 64.28443277158149 
55.3676935, 10.4320352, 64.38942461689766 
55.3676924, 10.4320394, 64.36641885999711 
55.3676922, 10.4320441, 64.31741113506672 
55.3676919, 10.4320494, 64.40540251660595 
55.3676911, 10.4320537, 64.40939621675957 
55.3676906, 10.4320584, 64.36838886502912 
55.3676905, 10.4320631, 64.46238101561866 
55.3676889, 10.4320671, 64.45337622002604 
55.3676877, 10.432071, 64.36837109641175 
55.3676873, 10.4320755, 64.40636395952178 
55.3676877, 10.4320799, 64.38035599695021 
55.3676866, 10.4320843, 64.36834990059816 
55.3676868, 10.4320888, 64.41134201717175 
55.3676872, 10.4320929, 64.3773345635295 
55.367686, 10.4320975, 64.31232825223805 
55.367687, 10.4321014, 64.34432039138966 
55.367688, 10.4321059, 64.31931151256646 
55.3676875, 10.4321098, 64.29930551793736 
55.3676874, 10.432114, 64.31829851664958 
55.367687, 10.4321178, 64.26729256724093 
55.3676858, 10.4321225, 64.2202860862153 
55.3676856, 10.4321267, 64.2832792093071 
55.3676845, 10.4321305, 64.18327413078217 
55.3676843, 10.4321344, 64.14126776283422 
55.3676842, 10.4321384, 64.21526110079678 
55.3676836, 10.4321421, 64.14225556981776 
55.3676824, 10.4321465, 64.1342495976946 
55.3676813, 10.4321501, 64.10924485843745 
55.3676801, 10.4321539, 63.959239904259746 
55.3676788, 10.4321582, 63.938234226170835 
55.3676785, 10.4321629, 63.98122662525963 
55.3676785, 10.4321663, 63.89622085670959 
55.3676796, 10.4321708, 63.888211853271926 
55.3676782, 10.4321751, 63.93420629955223 
55.3676771, 10.432179, 63.83420105122552 
55.3676776, 10.4321832, 63.810193303239245 
55.3676758, 10.4321865, 63.77418994378978 
55.3676761, 10.4321909, 63.659182105284685 
55.3676763, 10.4321955, 63.79217405184848 
55.3676749, 10.4321975, 63.835172400360825 
55.3676746, 10.432202, 63.76816513864968 
55.3676734, 10.4322065, 63.667158996664725 
55.367673, 10.4322095, 63.644154404337556 
55.3676714, 10.4322129, 63.35615062631893 
55.3676706, 10.4322166, 63.324145343969036 
55.3676709, 10.4322181, 63.14914242572134 
55.3676692, 10.4322208, 62.94713995975961 
55.3676678, 10.4322238, 62.892136611541154 
55.3676682, 10.4322272, 62.939130345194336 
55.3676677, 10.4322315, 62.77812367155502 
55.3676658, 10.4322344, 62.61812111504769 
55.3676659, 10.432239, 62.72811318590002 
55.3676645, 10.432243, 62.541108140951295 
55.367664, 10.4322466, 62.39110265494514 
55.3676646, 10.4322505, 62.409095291375024 
55.3676638, 10.4322539, 62.402090517929395 
55.3676631, 10.4322567, 62.27308663807877 
55.3676628, 10.432261, 62.32507971552235 
55.367665, 10.4322654, 62.16406951293294 
55.3676667, 10.4322702, 62.14305925369355 
55.3676669, 10.4322732, 61.996053914737026 
55.3676675, 10.4322769, 61.85904689040988 
55.3676669, 10.4322821, 61.880038813991085 
55.3676648, 10.4322864, 61.736034130837254 
55.3676639, 10.432291, 61.6300274456623 
55.367662, 10.4322949, 61.551023192326994 
55.3676626, 10.4322987, 61.544015998281395 
55.3676619, 10.4323031, 61.48800940358085 
55.3676628, 10.432308, 61.58899996985609 
55.3676624, 10.4323123, 61.48299317155478 
55.3676625, 10.4323165, 61.348985920835645 
55.3676628, 10.4323222, 61.4849758761537 
55.3676636, 10.4323263, 61.50696792415984 
55.3676638, 10.4323308, 61.49096003994973 
55.3676638, 10.4323361, 61.64795104715329 
55.3676646, 10.4323405, 61.73794258607744 
55.3676656, 10.4323453, 61.78593319743818 
55.3676671, 10.4323489, 62.09792522279713 
55.3676663, 10.432351, 61.94992265493852 
55.3676662, 10.4323555, 61.91391514389153 
55.3676667, 10.43236, 61.96690688631182 
55.3676669, 10.4323648, 61.968898492940035 
55.3676677, 10.43237, 62.00288867431314 
55.3676688, 10.4323737, 62.01488102757642 
55.3676678, 10.4323774, 61.891875993671896 
55.3676685, 10.4323821, 61.959867147803386 
55.3676686, 10.4323873, 62.01285820004615 
55.3676684, 10.4323913, 61.980851661694935 
55.3676688, 10.4323968, 61.941841831592804 
55.3676678, 10.4323996, 61.946838324760094 
55.3676673, 10.4324045, 61.88983063251135 
55.3676665, 10.4324092, 61.76582365287433 
55.367664, 10.4324133, 61.75181980647552 
55.3676636, 10.4324173, 61.615813516894576 
55.3676639, 10.4324224, 61.58880448984998 
55.3676643, 10.4324261, 61.66679771391729 
55.367666, 10.4324307, 61.616787793334396 
55.3676701, 10.4324365, 61.96677285033087 
55.3676721, 10.4324403, 62.09576391384134 
55.3676727, 10.4324441, 62.12775671928935 
55.3676744, 10.4324478, 62.2617483257098 
55.3676779, 10.4324521, 62.36973667427618 
55.3676812, 10.4324571, 62.559724083822644 
55.3676806, 10.4324583, 62.59172279417825 
55.367681, 10.4324614, 62.62471703619515 
55.3676819, 10.4324646, 62.747710486360404 
55.3676835, 10.4324679, 62.89570289580061 
55.3676837, 10.4324704, 62.922698404769406 
55.3676875, 10.4324735, 63.311688416006746 
55.3676866, 10.4324758, 63.502685633107006 
55.3676882, 10.4324774, 63.56568092715902 
55.3676892, 10.4324797, 63.73667577999378 
55.3676909, 10.4324808, 63.90267179802137 
55.3676925, 10.4324785, 63.81967370985978 
55.3676921, 10.4324805, 64.0196708138491 
55.367692, 10.4324821, 64.23766822327796 
55.3676923, 10.4324818, 64.28266835903202 
55.3676915, 10.4324832, 64.42266697889185 
55.3676904, 10.4324822, 64.38167004457033 
55.3676884, 10.4324836, 64.4126701576489 
55.3676858, 10.4324852, 64.68067067794018 
55.3676833, 10.4324856, 64.76667311002609 
55.367681, 10.4324862, 64.69967495384583 
55.3676791, 10.432487, 64.83167596054344 
55.3676783, 10.4324887, 64.96367407129837 
55.3676767, 10.4324883, 64.89067674093872 
55.3676765, 10.4324889, 64.99367597167218 
55.3676763, 10.4324884, 64.94067706897137 
55.3676741, 10.4324887, 64.90967929735821 
55.3676704, 10.4324899, 65.00168186495313 
55.3676686, 10.4324886, 64.77068631057838 
55.3676663, 10.4324872, 64.68269154800163 
55.3676635, 10.4324869, 64.6346955409619 
55.3676623, 10.4324857, 64.50169907029428 
55.3676584, 10.4324841, 64.36670663777397 
55.3676575, 10.4324857, 64.44170504258383 
55.3676564, 10.4324855, 64.31070675059254 
55.3676552, 10.4324853, 64.34170858301633 
55.3676544, 10.4324855, 64.36570923900683 
55.3676547, 10.4324857, 64.35670852637269 
55.3676536, 10.4324877, 64.35970650126308 
55.3676525, 10.4324872, 64.40070871831361 
55.3676534, 10.432484, 64.35571302850371 
55.367652, 10.4324816, 64.08071884284507 
55.3676519, 10.4324797, 64.02472219129884 
55.367652, 10.432478, 63.92772495154033 
55.3676508, 10.4324786, 63.958725426448765 
55.3676503, 10.432478, 64.02072706665476 
55.3676495, 10.4324762, 63.905731116340135 
55.3676491, 10.4324747, 63.893734159293146 
55.3676472, 10.4324757, 63.92373482636252 
55.3676457, 10.4324741, 63.70573940757231 
55.3676436, 10.4324742, 63.78074185061176 
55.3676421, 10.4324746, 63.81774303809138 
55.3676416, 10.4324722, 63.77674773260267 
55.3676401, 10.4324706, 63.6567523137646 
55.3676385, 10.4324699, 63.647755492164 
55.3676365, 10.4324687, 63.6657600166197 
55.3676341, 10.4324706, 63.83475977848315 
55.3676325, 10.4324684, 63.70376550210211 
55.367631, 10.4324671, 63.64376957413789 
55.3676281, 10.432468, 63.354771654828966 
55.3676272, 10.4324648, 63.32577820437955 
55.3676269, 10.4324618, 63.24178366810759 
55.3676272, 10.4324573, 63.16579093063321 
55.3676249, 10.4324588, 63.124791246736905 
55.367623, 10.4324599, 63.24379174393057 
55.3676207, 10.4324627, 63.49278985411373 
55.3676199, 10.432462, 63.6317920371295 
55.3676177, 10.4324613, 63.58179596178808 
55.3676159, 10.4324622, 63.817796673889205 
55.3676147, 10.4324617, 63.732799015127554 
55.3676137, 10.4324609, 64.00080161660468 
55.3676108, 10.4324594, 64.32780776946034 
55.3676093, 10.432461, 64.86280692053431 
55.367607, 10.4324594, 64.77581249662475 
55.3676053, 10.4324587, 64.81881579916367 
55.3676041, 10.4324568, 64.76082051588867 
55.3676024, 10.4324552, 64.6858253455377 
55.3675998, 10.4324553, 64.58882841013748 
55.3675982, 10.4324558, 64.58882955204187 
55.3675963, 10.4324544, 64.67083429106424 
55.3675935, 10.4324572, 64.89083302298033 
55.3675912, 10.4324581, 64.70183435685642 
55.3675894, 10.4324586, 64.44683574748449 
55.3675858, 10.4324621, 64.17183428666463 
55.3675842, 10.4324631, 64.26583458006908 
55.367582, 10.4324617, 64.14583969214195 
55.3675803, 10.432463, 64.44383960086427 
55.3675792, 10.4324628, 64.42684130847752 
55.3675756, 10.432465, 64.63184205336607 
55.3675726, 10.4324674, 64.97684171253879 
55.3675701, 10.4324691, 65.10884193753162 
55.3675663, 10.4324722, 65.160841403916 
55.3675633, 10.4324754, 65.3268397055224 
55.3675607, 10.4324767, 65.18484073352427 
55.3675583, 10.4324759, 65.09684507605101 
55.3675556, 10.4324794, 65.40984249538666 
55.3675516, 10.4324835, 65.44484051347976 
55.3675488, 10.4324851, 65.40584128106049 
55.3675453, 10.4324888, 65.55983935590474 
55.3675433, 10.4324907, 65.70183861939599 
55.36754, 10.4324946, 65.90683610605439 
55.3675363, 10.4324976, 65.91983561727903 
55.3675343, 10.4325, 66.05683403228528 
55.3675307, 10.4325034, 66.14283274032768 
55.3675284, 10.4325045, 66.11383373425072 
55.3675263, 10.4325042, 65.96883685496937 
55.3675242, 10.4325046, 66.0678387878954 
55.3675209, 10.4325087, 66.34883593492864 
55.3675176, 10.4325108, 66.26383647555528 
55.3675145, 10.4325136, 66.37683557964294 
55.3675111, 10.4325166, 66.61383471740304 
55.3675085, 10.4325173, 66.55283676294313 
55.3675053, 10.4325171, 66.6098410817309 
55.3675031, 10.4325196, 67.0818395755118 
55.3675001, 10.4325216, 67.24183991251721 
55.3674972, 10.4325237, 67.39483995545064 
55.3674948, 10.4325242, 67.35584209150147 
55.3674907, 10.4325277, 67.39784125103174 
55.3674884, 10.4325302, 67.48583986902918 
55.3674856, 10.4325324, 67.53583961779283 
55.3674837, 10.4325326, 67.73584164103963 
55.3674822, 10.4325329, 68.10484299720167 
55.3674802, 10.4325339, 68.14484378731129 
55.3674778, 10.4325353, 68.03284439605721 
55.3674751, 10.4325379, 67.90884334162769 
55.3674729, 10.4325392, 67.93184387131939 
55.3674696, 10.4325424, 67.85884254479387 
55.3674675, 10.4325437, 67.90384295009513 
55.3674647, 10.4325442, 67.82384558321417 
55.3674623, 10.4325431, 67.84485043385557 
55.3674604, 10.432543, 67.91485296596323 
55.3674588, 10.4325436, 67.73385393727213 
55.3674575, 10.432541, 67.64885996537076 
55.3674559, 10.4325417, 67.74286076697811 
55.3674535, 10.4325421, 67.74086307229808 
55.3674502, 10.4325438, 67.73586429073856 
55.3674491, 10.4325439, 67.7408654887214 
55.3674463, 10.4325462, 67.76886506735637 
55.3674444, 10.4325467, 67.7528665812454 
55.3674416, 10.4325496, 67.90286514173857 
55.3674384, 10.4325526, 67.78586402983181 
55.367435, 10.4325543, 67.8488653723955 
55.3674321, 10.4325571, 67.65786422678673 
55.3674291, 10.4325597, 67.49686354483069 
55.3674252, 10.4325646, 67.59086007907104 
55.3674227, 10.4325676, 67.69585809668986 
55.3674182, 10.4325713, 67.89985741292823 
55.367415, 10.4325752, 68.09685477357112 
55.3674114, 10.4325784, 68.13785381921629 
55.3674088, 10.4325791, 68.04385586369358 
55.3674047, 10.4325835, 68.16985349463815 
55.3674021, 10.4325854, 68.25085350285887 
55.3673986, 10.4325884, 68.32785276336385 
55.367395, 10.4325924, 68.55085045130596 
55.3673922, 10.4325941, 68.63185104740806 
55.3673904, 10.4325944, 68.62485277593821 
55.3673879, 10.4325951, 68.65985469588524 
55.3673872, 10.4325936, 68.68385811127531 
55.3673834, 10.432596, 68.72885876257959 
55.3673797, 10.4326002, 68.96585623524038 
55.3673766, 10.4326041, 69.00585347106714 
55.3673736, 10.4326069, 69.31385244905658 
55.3673711, 10.4326093, 69.45385148423068 
55.3673695, 10.4326099, 69.50585245495698 
55.3673674, 10.4326087, 69.4208571014567 
55.3673658, 10.4326096, 69.44685756311095 
55.3673632, 10.4326116, 69.34485740123428 
55.3673604, 10.4326162, 69.60885307618031 
55.3673571, 10.4326201, 69.81285056034798 
55.3673549, 10.4326216, 69.76485074961039 
55.3673513, 10.4326235, 69.75485200023735 
55.367348, 10.432628, 69.95484846618254 
55.3673458, 10.4326313, 70.23084560106966 
55.3673427, 10.4326333, 70.33084606042925 
55.3673407, 10.4326338, 70.47684769781237 
55.3673392, 10.4326318, 70.39785295580577 
55.3673363, 10.4326318, 70.26585656016016 
55.3673335, 10.4326328, 70.61585834336637 
55.3673321, 10.4326316, 70.58486211955886 
55.3673288, 10.4326325, 70.55986469381902 
55.3673264, 10.4326334, 70.66086614948675 
55.3673247, 10.4326309, 70.51287250434619 
55.3673217, 10.4326318, 70.56687470565859 
55.3673182, 10.4326331, 70.54987684960432 
55.367317, 10.4326322, 70.48987986809152 
55.3673135, 10.4326345, 70.48488031515117 
55.3673108, 10.4326368, 70.67087976795028 
55.3673095, 10.4326344, 70.58488545589952 
55.3673067, 10.4326357, 70.65488672974551 
55.3673035, 10.4326377, 70.70288731288237 
55.3673004, 10.4326392, 70.60888862011262 
55.367297, 10.4326405, 70.65689063947806 
55.3672922, 10.4326456, 70.91088795066558 
55.3672893, 10.4326474, 70.96788850017285 
55.3672872, 10.4326462, 71.03589314595804 
55.3672843, 10.4326488, 71.24589233795467 
55.3672809, 10.4326517, 71.3088916421925 
55.3672776, 10.4326539, 71.36589200989044 
55.3672753, 10.432655, 71.38489300142481 
55.367273, 10.4326544, 71.29789687752087 
55.36727, 10.4326552, 71.37689924787196 
55.3672667, 10.4326586, 71.54489757924722 
55.3672643, 10.4326579, 71.45890174919764 
55.3672613, 10.4326582, 71.41690496784544 
55.3672597, 10.432659, 71.5299055984833 
55.3672571, 10.4326581, 71.35291035622771 
55.3672548, 10.4326574, 71.42391440182004 
55.3672531, 10.4326566, 71.42191787155625 
55.3672506, 10.4326569, 71.41192046880214 
55.3672475, 10.4326588, 71.60292109663345 
55.3672439, 10.4326608, 71.72492217598642 
55.3672425, 10.4326569, 71.620930532985 
55.3672401, 10.4326554, 71.66593606010807 
55.3672384, 10.4326554, 71.81893817228814 
55.3672361, 10.4326543, 71.84494289639905 
55.3672339, 10.4326527, 71.83994834463668 
55.3672316, 10.4326511, 71.86295391709008 
55.3672291, 10.4326496, 71.35595956831833 
55.3672268, 10.4326503, 70.79496123810162 
55.3672243, 10.432652, 70.75896145955318 
55.3672225, 10.4326504, 70.27696641070975 
55.3672188, 10.4326533, 70.10896608681807 
55.3672177, 10.432653, 70.22296796245595 
55.367216, 10.4326529, 70.02397024414516 
55.3672159, 10.432655, 70.12996680513058 
55.3672137, 10.4326585, 70.11496359954916 
55.3672122, 10.4326601, 70.07296274820524 
55.3672108, 10.4326603, 70.09096414812234 
55.3672067, 10.4326637, 70.26896347258572 
55.367205, 10.432667, 70.4519599851182 
55.3672045, 10.432668, 70.68795890948385 
55.3672034, 10.4326688, 70.76895891859176 
55.3672019, 10.4326723, 70.90795484327705 
55.3672005, 10.4326763, 70.95594979532069 
55.3671986, 10.432681, 71.04294418073685 
55.3671976, 10.4326838, 71.1149406719905 
55.3671963, 10.4326861, 71.3739383843226 
55.3671965, 10.4326877, 71.77093542098308 
55.367196, 10.4326892, 72.11993349692177 
55.3671958, 10.4326926, 72.53992797624394 
55.3671966, 10.4326929, 72.96292647337239 
55.3671971, 10.4326935, 73.17792483414328 
55.3671977, 10.4326912, 73.26092799142211 
55.3671958, 10.4326901, 73.17893221825558 
55.3671955, 10.4326894, 73.24093377870295 
55.3671944, 10.4326927, 73.31392954575873 
55.3671934, 10.4326965, 73.37692434017308 
55.3671919, 10.4326997, 73.5039207737978 
55.367191, 10.4327008, 73.62592002535045 
55.3671901, 10.4327048, 73.89091435614742 
55.3671897, 10.4327037, 73.79491671954625 
55.3671875, 10.4327058, 73.67391588921316 
55.3671858, 10.4327091, 73.84191240156053 
55.3671831, 10.4327099, 73.66791439816754 
55.3671804, 10.4327111, 73.53491571601919 
55.367178, 10.4327136, 73.57491445531954 
55.3671767, 10.432718, 73.78290860421566 
55.3671755, 10.4327185, 73.67090924646092 
55.3671738, 10.4327185, 73.53191135820882 
55.3671734, 10.432717, 73.38291440030997 
55.3671729, 10.4327163, 73.06591620917779 
55.3671716, 10.432717, 73.0899166362601 
55.36717, 10.4327196, 73.04191421204577 
55.3671685, 10.4327183, 72.7179182811744 
55.3671667, 10.4327166, 72.50692340166496 
55.3671648, 10.4327171, 72.48592491337305 
55.3671635, 10.4327174, 72.33792601913552 
55.3671611, 10.4327185, 72.2999271338058 
55.3671604, 10.4327176, 72.45592953043356 
55.3671586, 10.4327183, 72.5349305785162 
55.3671561, 10.4327193, 72.57393198703065 
55.3671539, 10.4327201, 72.70393336224652 
55.367152, 10.4327221, 72.85793232864246 
55.3671505, 10.4327228, 72.92693300403286 
55.3671486, 10.4327246, 73.03893230976345 
55.3671458, 10.4327253, 73.05293459984196 
55.3671427, 10.4327284, 73.12993319017187 
55.3671401, 10.4327311, 73.17793183815587 
55.3671374, 10.4327329, 73.18893213744406 
55.3671371, 10.4327333, 72.92793183133469 
55.3671356, 10.4327343, 73.03893199759113 
55.3671324, 10.4327359, 72.92293325720523 
55.3671299, 10.4327365, 72.90793534417458 
55.3671274, 10.4327378, 72.83293624335253 
55.3671253, 10.4327373, 72.86493969995848 
55.3671236, 10.4327368, 72.80194265974868 
55.3671218, 10.4327385, 72.82894201075322 
55.3671199, 10.4327374, 72.83694623699486 
55.367117, 10.4327392, 72.82994678445203 
55.3671143, 10.4327402, 72.67494844092755 
55.3671131, 10.4327399, 72.52595044030443 
55.3671105, 10.4327416, 72.52595078478106 
55.3671089, 10.4327421, 72.62795192346795 
55.367107, 10.4327407, 72.53995665864127 
55.3671038, 10.4327402, 72.17996148115404 
55.367102, 10.4327406, 72.45796303785376 
55.3670992, 10.4327418, 72.30796447898791 
55.3670964, 10.4327437, 72.22196473233171 
55.3670934, 10.4327466, 72.24696353721774 
55.3670908, 10.4327471, 72.1599659176417 
55.3670881, 10.4327474, 72.18196876157992 
55.3670855, 10.4327473, 72.12897216002222 
55.3670826, 10.4327494, 72.12597219803139 
55.3670787, 10.4327522, 72.1649722900498 
55.3670771, 10.4327516, 72.07597529499833 
55.3670738, 10.432752, 71.95997871416805 
55.3670711, 10.4327523, 71.84398155791192 
55.3670691, 10.4327529, 71.7219830233586 
55.3670676, 10.4327513, 71.34098760085246 
55.3670652, 10.4327523, 71.33598888424925 
55.3670628, 10.4327541, 71.267988810191 
55.3670591, 10.4327547, 70.96999238648705 
55.3670561, 10.4327554, 70.87899492385674 
55.3670534, 10.4327562, 70.90099691900323 
55.36705, 10.4327585, 70.91899723811358 
55.3670465, 10.4327607, 71.08699785102118 
55.3670434, 10.4327619, 70.9849996640059 
55.3670399, 10.4327631, 71.11500197360422 
55.3670365, 10.4327647, 71.20900348027588 
55.3670335, 10.4327666, 71.32400398122232 
55.3670299, 10.4327689, 71.35100454837361 
55.3670267, 10.4327717, 71.51500377044792 
55.3670241, 10.4327716, 71.37000716821647 
55.3670214, 10.4327706, 71.27001221721483 
55.3670193, 10.4327704, 71.35101516382683 
55.3670169, 10.4327703, 71.40401831320172 
55.3670142, 10.4327705, 71.26402132597462 
55.3670123, 10.4327705, 71.3850236848609 
55.3670101, 10.4327699, 71.27102743424888 
55.3670078, 10.4327696, 71.38903079873106 
55.3670042, 10.4327716, 71.57703187453545 
55.367001, 10.4327732, 71.58903313241011 
55.3669974, 10.4327756, 71.66003352940413 
55.3669947, 10.4327783, 71.78403230001726 
55.3669924, 10.4327794, 71.90303328886819 
55.3669898, 10.4327784, 71.83603821334862 
55.3669875, 10.4327778, 72.00804208666506 
55.3669853, 10.4327794, 72.08304210292097 
55.3669825, 10.4327792, 72.00204591817848 
55.3669806, 10.4327787, 72.09904912519201 
55.3669789, 10.4327777, 72.02205293229801 
55.3669767, 10.4327768, 71.9220571903935 
55.3669745, 10.4327768, 72.03505992137741 
55.3669728, 10.4327774, 72.00806101361016 
55.3669707, 10.432777, 71.91806429912864 
55.3669678, 10.4327761, 71.90306942606622 
55.3669668, 10.432776, 71.8970708370617 
55.3669621, 10.4327791, 71.88707141125032 
55.3669566, 10.4327864, 72.29906585197051 
55.366956, 10.4327849, 72.1530691418798 
55.3669534, 10.4327847, 72.23907270852906 
55.3669503, 10.4327863, 72.39507384160567 
55.3669484, 10.4327867, 72.41507552126785 
55.3669457, 10.432787, 72.63407836357567 
55.3669425, 10.4327868, 72.63508267483894 
55.3669394, 10.4327889, 72.73208295939715 
55.3669365, 10.4327915, 72.75108214729907 
55.3669331, 10.4327948, 72.97508076802444 
55.3669302, 10.4327959, 72.90008250098802 
55.3669263, 10.4327986, 72.95608276025555 
55.3669228, 10.432802, 73.0960813352756 
55.3669204, 10.4328029, 72.98908278690631 
55.3669172, 10.4328039, 73.11608506172834 
55.3669142, 10.4328058, 73.21508556120598 
55.3669148, 10.4327995, 73.00309550610692 
55.3669122, 10.4327986, 73.00710026002706 
55.3669102, 10.4327994, 73.16810138479255 
55.3669079, 10.4327982, 73.06410627536229 
55.3669047, 10.4327979, 73.11111075578276 
55.3669034, 10.4327965, 73.08811474459421 
55.3669013, 10.4327954, 73.02011921720344 
55.3668988, 10.4327943, 73.10812418620112 
55.3668969, 10.432793, 73.11812874990599 
55.3668946, 10.4327927, 72.9951321132561 
55.3668922, 10.4327946, 73.074131867858 
55.3668895, 10.4327961, 72.9921326734279 
55.3668869, 10.4327955, 72.76813691801986 
55.3668842, 10.4327942, 72.79714247439117 
55.3668813, 10.4327952, 72.82814437642885 
55.3668802, 10.4327922, 72.56415083166863 
55.3668778, 10.432792, 72.54215414926641 
55.3668764, 10.4327897, 72.5361597890438 
55.3668748, 10.4327875, 72.36416550731657 
55.366871, 10.4327899, 72.5161661506327 
55.3668674, 10.4327921, 72.45816688505725 
55.3668656, 10.4327917, 72.11416979733657 
55.3668625, 10.4327936, 72.07917042026583 
55.3668594, 10.432796, 72.05117019479351 
55.366857, 10.4327973, 72.13317096708883 
55.3668543, 10.4327981, 72.15017295997225 
55.3668511, 10.4327992, 71.99117506421808 
55.3668484, 10.4328004, 71.89717637834593 
55.366846, 10.4328007, 71.79917884725438 
55.3668434, 10.432802, 71.81817986757432 
55.3668409, 10.4328015, 71.67818381788572 
55.3668389, 10.4328013, 71.78318663877027 
55.3668383, 10.4327985, 71.77119213403756 
55.366837, 10.4327959, 71.61819815848253 
55.3668347, 10.4327953, 71.6242020302347 
55.3668335, 10.4327941, 71.58920555517828 
55.3668325, 10.4327903, 71.35121324340797 
55.36683, 10.4327897, 71.32921736324892 
55.3668275, 10.432791, 71.34421825932168 
55.3668256, 10.4327909, 71.26722078633466 
55.3668237, 10.4327896, 71.26822534937516 
55.3668206, 10.4327922, 71.32722478407804 
55.3668185, 10.4327914, 71.20022874685972 
55.3668155, 10.4327854, 70.7112426490404 
55.3668127, 10.4327796, 70.26625596367106 
55.3668098, 10.4327785, 69.87126142786568 
55.3668078, 10.4327779, 69.78326492712236 
55.3668062, 10.4327774, 69.72226776044769 
55.3668031, 10.4327765, 69.51127313333382 
55.3667999, 10.4327749, 69.26927981790872 
55.3667974, 10.4327726, 69.04128682170811 
55.3667946, 10.4327691, 68.66229623364582 
55.3667927, 10.4327671, 68.44230198403605 
55.366791, 10.4327664, 68.49930528062677 
55.3667879, 10.4327665, 68.45030895660733 
55.3667848, 10.4327667, 68.39131246287923 
55.366782, 10.432766, 68.38031712395846 
55.366779, 10.4327654, 68.24632186343169 
55.3667766, 10.4327643, 68.21532670691018 
55.3667742, 10.4327625, 68.03933273802096 
55.3667722, 10.4327595, 67.72534030890583 
55.3667694, 10.4327589, 67.67434480014659 
55.3667673, 10.4327574, 67.64134995003752 
55.3667639, 10.4327578, 67.52035348881245 
55.3667612, 10.4327581, 67.49435632892151 
55.3667592, 10.4327568, 67.3563610153603 
55.3667568, 10.4327552, 67.18236670692437 
55.3667544, 10.4327547, 67.01837053215051 
55.3667524, 10.432753, 66.93437589717492 
55.3667504, 10.4327505, 66.90238261948687 
55.3667482, 10.4327509, 66.72638466959519 
55.3667447, 10.4327549, 66.29438222421774 
55.3667424, 10.4327533, 66.18238779158116 
55.3667404, 10.4327513, 66.16939366547709 
55.3667383, 10.4327499, 66.02039864539944 
55.3667344, 10.4327511, 65.89740144657219 
55.3667339, 10.4327474, 65.8094083442402 
55.366734, 10.432741, 65.73641907861472 
55.3667348, 10.4327335, 65.60543081104672 
55.3667352, 10.4327254, 65.70944405751557 
55.3667354, 10.432719, 65.66645466776039 
55.3667365, 10.4327091, 65.52147009983582 
55.3667364, 10.4327032, 65.43948023378849 
55.3667379, 10.4326949, 65.3644924551031 
55.3667395, 10.4326847, 65.23350777584851 
55.3667396, 10.4326786, 65.25351800096195 
55.3667388, 10.4326747, 65.07152560982384 
55.3667399, 10.4326673, 64.66153680016662 
55.3667398, 10.4326638, 64.20854286218217 
55.3667407, 10.43266, 63.67354819289359 
55.3667417, 10.4326516, 63.38256120374443 
55.3667413, 10.432646, 63.3605712005656 
55.3667406, 10.4326426, 63.20157783702631 
55.3667404, 10.4326345, 63.05959182711665 
55.3667405, 10.4326275, 63.076603578887664 
55.3667401, 10.4326232, 63.000611370099776 
55.3667404, 10.4326164, 62.69462253445536 
55.3667408, 10.4326096, 62.69063357475308 
55.3667402, 10.4326051, 62.51964195325648 
55.36674, 10.4325985, 62.500653398334904 
55.3667393, 10.4325941, 62.31666173116473 
55.3667399, 10.4325878, 62.21767167504967 
55.3667401, 10.4325816, 62.103681945346615 
55.3667399, 10.4325755, 62.0876925420545 
55.3667388, 10.4325714, 62.03570086193666 
55.3667379, 10.4325668, 61.88270978200076 
55.3667375, 10.4325623, 61.99771791229034 
55.3667386, 10.432558, 61.58072384295804 
55.3667389, 10.4325517, 61.561734158741935 
55.3667385, 10.4325477, 61.51274144074192 
55.3667386, 10.4325418, 61.47175132592845 
55.3667387, 10.4325355, 61.5697618896765 
55.3667386, 10.432531, 61.59276964779758 
55.3667386, 10.4325261, 61.556777960468196 
55.3667394, 10.4325217, 61.48478443273755 
55.3667398, 10.4325182, 61.360789874260405 
55.36674, 10.4325128, 61.31979878707364 
55.3667403, 10.4325079, 61.31380672762228 
55.3667401, 10.432504, 61.252813591803324 
55.3667398, 10.4324965, 61.519826687177684 
55.3667412, 10.4324928, 61.35683122773934 
55.366741, 10.4324877, 61.507840127597134 
55.3667413, 10.4324835, 61.302846880555535 
55.3667416, 10.4324795, 61.17785329421585 
55.3667418, 10.4324752, 61.120860340810296 
55.3667424, 10.4324709, 61.05986689131835 
55.3667427, 10.4324652, 61.122876188852786 
55.3667428, 10.4324613, 61.17388268085544 
55.3667429, 10.4324568, 61.018890190693426 
55.3667427, 10.4324527, 60.98089739400632 
55.366743, 10.4324489, 60.911903468296956 
55.366744, 10.4324463, 60.64390663877042 
55.3667435, 10.4324423, 60.712914044465094 
55.3667443, 10.4324379, 60.54892051647833 
55.3667445, 10.4324338, 60.594927223664705 
55.3667446, 10.4324291, 60.57693507269061 
55.3667445, 10.4324253, 60.72194164298581 
55.366746, 10.4324231, 60.26594351477698 
55.3667462, 10.432419, 60.32295022192032 
55.3667455, 10.4324148, 60.51395821484432 
55.3667463, 10.4324117, 60.056962481482174 
55.3667467, 10.4324074, 59.96596927983195 
55.3667469, 10.4324031, 59.86197632620278 
55.3667466, 10.4323978, 59.95798568901224 
55.366747, 10.4323935, 59.96399248731915 
55.3667473, 10.4323897, 59.84099856144876 
55.3667466, 10.4323845, 59.94300825063244 
55.3667471, 10.4323801, 59.70701509451763 
55.366747, 10.4323757, 59.63702268248468 
55.3667472, 10.4323718, 59.595029050215736 
55.3667473, 10.4323667, 59.60303757756479 
55.3667477, 10.4323632, 59.44004301870273 
55.3667467, 10.4323566, 59.62105545469059 
55.3667464, 10.4323508, 59.643065665470424 
55.3667472, 10.4323465, 59.39507196757431 
55.3667471, 10.4323413, 59.36908091248707 
55.3667475, 10.4323365, 59.3630885587801 
55.3667476, 10.432332, 59.262096068203526 
55.3667482, 10.4323282, 58.898101770121855 
55.3667482, 10.4323238, 58.83810923390104 
55.3667487, 10.4323208, 58.59911370276379 
55.366749, 10.4323153, 58.40612266041448 
55.3667496, 10.4323097, 58.42513141563221 
55.3667495, 10.4323059, 58.39613798558663 
55.3667496, 10.4323013, 58.388145664539294 
55.3667499, 10.432297, 58.361152586562014 
55.3667497, 10.4322931, 58.32915945012168 
55.3667496, 10.4322882, 58.425167885941605 
55.3667495, 10.4322831, 58.445176660998925 
55.3667493, 10.4322792, 58.45218352451473 
55.366749, 10.4322747, 58.42419152979481 
55.3667488, 10.4322701, 58.55319958067335 
55.3667492, 10.432267, 58.54020434306389 
55.3667489, 10.4322617, 58.67621370531191 
55.3667486, 10.4322564, 58.89422306753657 
55.3667482, 10.4322534, 58.89222865235689 
55.3667474, 10.4322481, 59.06523863459406 
55.3667466, 10.4322425, 59.31024912567757 
55.3667449, 10.4322364, 59.726261580927876 
55.3667454, 10.4322327, 59.65226723698251 
55.3667462, 10.4322293, 59.58027201213063 
55.3667456, 10.4322252, 59.688279710751345 
55.366745, 10.4322214, 59.60428690048571 
55.366744, 10.432216, 59.76429730019818 
55.3667437, 10.4322128, 59.73030310014184 
55.3667439, 10.4322087, 59.73630980664433 
55.3667435, 10.4322035, 60.01931912301167 
55.3667437, 10.4322006, 59.890323794027644 
55.3667433, 10.432196, 59.90633209263346 
55.366743, 10.4321911, 60.01634077607787 
55.3667437, 10.4321892, 59.84434313083443 
55.3667427, 10.4321834, 60.09135420887027 
55.3667432, 10.4321795, 60.07636020402845 
55.3667429, 10.432176, 60.04636651273421 
55.3667428, 10.4321727, 59.89237223418209 
55.3667419, 10.4321673, 60.03138250965124 
55.3667412, 10.4321634, 60.10538999280598 
55.3667407, 10.4321583, 60.190399263357584 
55.3667397, 10.4321518, 60.57641152854359 
55.3667392, 10.4321468, 60.73642062942298 
55.3667384, 10.4321427, 60.60242857573097 
55.3667382, 10.4321375, 60.6754376437989 
55.3667381, 10.4321339, 60.626443873986815 
55.3667381, 10.4321292, 60.61245184593878 
55.3667374, 10.4321233, 60.90446272125649 
55.3667372, 10.4321184, 60.89847128039716 
55.366736, 10.4321116, 61.13848430217932 
55.3667352, 10.4321046, 61.48849716714923 
55.366735, 10.4321008, 61.57350386046288 
55.3667343, 10.4320937, 61.85251677098013 
55.3667343, 10.4320885, 62.02252559084167 
55.3667339, 10.4320842, 62.08753338015782 
55.3667329, 10.4320786, 62.290544118383735 
55.3667313, 10.4320723, 62.69355678782137 
55.3667308, 10.4320679, 63.034564870674416 
55.3667308, 10.4320627, 62.95857369042454 
55.3667314, 10.4320576, 62.68858159658237 
55.3667306, 10.4320532, 62.9555900513625 
55.3667298, 10.4320478, 63.07460020221391 
55.3667289, 10.4320425, 63.33661030741923 
55.3667288, 10.4320383, 63.384617554971335 
55.3667286, 10.432033, 63.6146267921893 
55.3667289, 10.4320283, 63.640634391783415 
55.3667284, 10.4320242, 63.719641965645394 
55.3667276, 10.4320193, 63.80365126831791 
55.3667267, 10.4320145, 63.92466052534856 
55.3667265, 10.4320104, 63.95366772718701 
55.3667266, 10.4320055, 63.997675913890994 
55.3667266, 10.4320007, 63.996684054960454 
55.3667267, 10.4319964, 63.87569122399818 
55.3667264, 10.4319909, 63.872700924232596 
55.3667262, 10.4319863, 63.94570897401542 
55.3667267, 10.4319829, 63.64771412061759 
55.366727, 10.4319791, 63.45672019360288 
55.3667263, 10.4319726, 64.02773208574624 
55.3667259, 10.4319687, 63.99973919621624 
55.3667255, 10.4319648, 63.886746306672336 
55.3667255, 10.4319602, 64.00775410838504 
55.3667253, 10.4319562, 64.05676114044232 
55.3667249, 10.4319519, 64.11176892926298 
55.366725, 10.4319468, 64.1927774549495 
55.3667244, 10.4319424, 64.34678566130744 
55.3667237, 10.4319379, 64.43279416123153 
55.3667233, 10.4319338, 64.65680161078201 
55.366724, 10.4319308, 64.53380583089319 
55.3667239, 10.431927, 64.52481239966988 
55.366724, 10.4319227, 64.57681956846383 
55.3667245, 10.4319212, 64.42282149253262 
55.3667241, 10.4319162, 64.53483046842015 
55.3667235, 10.4319117, 64.5358388442603 
55.3667231, 10.4319077, 64.53084612412447 
55.3667233, 10.4319036, 64.466852829676 
55.3667232, 10.4318989, 64.45786092474805 
55.3667218, 10.4318948, 64.6128696139858 
55.3667217, 10.43189, 64.63387787861832 
55.3667204, 10.4318851, 65.01888780059969 
55.36672, 10.4318808, 64.96289558915353 
55.3667195, 10.4318742, 65.11290740236674 
55.3667185, 10.4318696, 65.35591644353929 
55.366718, 10.4318656, 65.35592384722648 
55.366717, 10.4318602, 65.42693424510841 
55.3667167, 10.4318563, 65.55994123120934 
55.3667168, 10.4318518, 65.61694873894893 
55.3667171, 10.4318471, 65.57195633790516 
55.3667168, 10.4318426, 65.51096434152248 
55.3667159, 10.4318373, 65.62197444572102 
55.3667156, 10.4318326, 65.58298278848295 
55.3667158, 10.4318295, 65.57698779787987 
55.3667158, 10.4318246, 65.64899610786807 
55.3667161, 10.4318207, 65.53300235000044 
55.3667153, 10.4318167, 65.64401012544141 
55.3667158, 10.4318132, 65.36301544123873 
55.3667153, 10.4318084, 65.44302420144952 
55.3667152, 10.4318043, 65.6030312786133 
55.3667154, 10.4317993, 65.73203951014625 
55.3667156, 10.431794, 65.88704825042794 
55.3667152, 10.4317898, 65.89305586905664 
55.3667149, 10.4317845, 65.91606522916769 
55.3667154, 10.4317809, 65.85207071447445 
55.366716, 10.4317777, 65.71707539744718 
55.3667157, 10.4317725, 65.89708458792293 
55.3667153, 10.4317679, 65.89609288482673 
55.3667147, 10.4317631, 65.90310176882971 
55.3667142, 10.4317584, 65.83711035925265 
55.3667139, 10.4317542, 65.82911785378299 
55.3667143, 10.4317511, 65.65312261505684 
55.3667143, 10.4317465, 65.56713041599055 
55.3667142, 10.4317423, 65.58213766253908 
55.366714, 10.4317379, 65.48414537221375 
55.3667134, 10.4317325, 65.52915527359653 
55.3667131, 10.4317283, 65.61716276803688 
55.3667128, 10.4317233, 65.64517161913018 
55.366713, 10.4317188, 65.68917900244054 
55.3667128, 10.4317138, 65.74418772952657 
55.3667131, 10.4317101, 65.56719363217634 
55.3667125, 10.4317055, 65.50920217677451 
55.3667125, 10.431702, 65.55020811214341 
55.3667128, 10.431698, 65.40621452350585 
55.3667126, 10.4316929, 65.48322342009044 
55.366712, 10.4316881, 65.56523230378193 
55.366712, 10.4316833, 65.46324044364863 
55.3667111, 10.4316772, 65.50925190373785 
55.3667103, 10.4316734, 65.7042593394966 
55.3667106, 10.4316687, 65.4902669378284 
55.3667103, 10.4316641, 65.71927511035958 
55.3667095, 10.4316591, 66.081284581012 
55.3667096, 10.4316549, 65.90629157933286 
55.3667088, 10.4316489, 66.16330274571835 
55.3667089, 10.4316452, 66.25430889611928 
55.366709, 10.4316397, 66.34331809889503 
55.3667092, 10.431635, 66.30332582107238 
55.3667092, 10.4316305, 66.33133345200815 
55.3667096, 10.431626, 66.30134058707499 
55.3667096, 10.4316206, 66.4543497441597 
55.3667097, 10.4316173, 66.54635521618184 
55.3667106, 10.4316129, 66.4273615618151 
55.3667118, 10.4316087, 66.28336719639388 
55.3667128, 10.431606, 66.23237053526921 
55.3667139, 10.4316025, 66.08337510676708 
55.3667143, 10.4315976, 66.14438292003982 
55.3667155, 10.4315949, 66.06538601096054 
55.3667167, 10.4315917, 65.9863899497403 
55.3667178, 10.4315863, 66.07839774308684 
55.3667181, 10.4315806, 66.35340703685132 
55.3667121, 10.4315655, 68.7824400800295 
55.3667091, 10.4315534, 70.3224643169145 
55.3667091, 10.4315478, 70.7504738128359 
55.3667103, 10.4315446, 70.60047775155084 
55.3667064, 10.4315309, 72.68750581689163 
55.366708, 10.4315263, 72.52651163370727 
55.3667084, 10.4315207, 72.73852063367778 
55.3667095, 10.4315168, 72.68152588327472 
55.3667113, 10.4315156, 72.46552568683043 
55.3667138, 10.4315137, 72.10852580962629 
55.3667143, 10.4315084, 72.56053417688938 
55.3667143, 10.4315033, 72.98754282479766 
55.3667167, 10.4315013, 72.69554324108711 
55.3667191, 10.4314988, 72.55354450518539 
55.3667205, 10.4314954, 72.53954853497888 
55.3667214, 10.4314907, 72.75255538892982 
55.3667237, 10.4314883, 72.61755660737285 
55.3667251, 10.4314845, 72.7615613153879 
55.3667268, 10.4314809, 72.70856531236527 
55.3667295, 10.4314779, 72.49556705228468 
55.3667321, 10.4314769, 72.22156552483139 
55.3667348, 10.4314749, 71.89856556903729 
55.3667376, 10.4314731, 71.68556515011383 
55.3667397, 10.4314714, 71.44156542937901 
55.3667421, 10.4314694, 71.10556584541129 
55.3667443, 10.4314665, 70.98556803544953 
55.3667438, 10.4314603, 71.74057916833299 
55.3667427, 10.4314515, 72.67459545366918 
55.3667429, 10.4314455, 73.22060537955673 
55.366744, 10.4314422, 73.30060961148446 
55.3667445, 10.4314371, 73.44661763935693 
55.3667466, 10.431435, 73.30761859680462 
55.3667487, 10.4314333, 73.12361887598217 
55.3667511, 10.4314307, 72.91762030928987 
55.3667523, 10.4314267, 73.13762560412627 
55.3667538, 10.4314238, 73.13962866184322 
55.3667548, 10.4314189, 73.28363573065926 
55.3667544, 10.4314131, 73.87564606113898 
55.3667565, 10.4314109, 73.72264718805171 
55.3667588, 10.4314084, 73.58864857568071 
55.3667606, 10.4314048, 73.51365244833903 
55.3667626, 10.431403, 73.42865302092645 
55.3667649, 10.4313999, 73.30965542586102 
55.3667668, 10.4313974, 73.15965730931703 
55.366768, 10.431394, 73.1886615866523 
55.366769, 10.4313897, 73.42066763797794 
55.3667705, 10.4313862, 73.3716717129134 
55.3667725, 10.4313835, 73.09367381145606 
55.3667743, 10.4313808, 72.87567615794123 
55.366776, 10.4313793, 72.82467659367212 
55.3667767, 10.4313749, 72.93468318644025 
55.366779, 10.4313722, 72.74768491297802 
55.3667804, 10.4313689, 72.79068877269296 
55.366782, 10.4313652, 72.61169306266652 
55.3667835, 10.431361, 72.44769832440238 
55.3667847, 10.4313584, 72.33770124513148 
55.3667858, 10.4313547, 72.26170615498134 
55.366788, 10.431352, 72.20770800540367 
55.3667894, 10.4313486, 72.0797120345977 
55.3667907, 10.4313452, 71.97971618776457 
55.3667918, 10.4313414, 71.92372126712311 
55.3667929, 10.431338, 71.91872566823861 
55.3667948, 10.4313351, 71.71272822966063 
55.3667966, 10.4313321, 71.69073108461075 
55.366798, 10.4313286, 71.60773528328406 
55.3667996, 10.4313255, 71.41573855573853 
55.3668031, 10.4313234, 70.60973777680415 
55.3668053, 10.431321, 70.3837391183779 
55.366807, 10.4313182, 70.18074175811729 
55.3668079, 10.4313145, 70.24274691578887 
55.3668091, 10.4313115, 70.13375051457832 
55.3668107, 10.4313074, 69.75975548250513 
55.366812, 10.4313048, 69.58775827905424 
55.3668134, 10.4313018, 69.45476162982366 
55.3668138, 10.4312967, 69.64176978118806 
55.3668146, 10.4312923, 69.74977624967289 
55.3668156, 10.4312885, 69.6977814528259 
55.3668164, 10.431284, 69.60078809083811 
55.3668176, 10.4312804, 69.50579270686833 
55.3668187, 10.4312779, 69.39379558178476 
55.3668202, 10.4312746, 69.33779931714511 
55.3668222, 10.4312708, 69.2308032802813 
55.3668232, 10.4312677, 69.1178072964862 
55.3668245, 10.4312626, 69.07481433176083 
55.3668252, 10.4312586, 69.09982024591233 
55.3668265, 10.4312545, 68.95182558562226 
55.3668279, 10.4312512, 68.7628294448983 
55.3668289, 10.4312477, 68.81883413925881 
55.3668305, 10.4312448, 68.61883707230507 
55.366832, 10.4312407, 68.32884216396207 
55.3668336, 10.4312374, 68.09284577518791 
55.366835, 10.4312352, 67.74484776933045 
55.3668356, 10.4312295, 68.15085668976835 
55.3668351, 10.4312236, 68.87686731328233 
55.3668363, 10.4312203, 68.74487142046081 
55.3668376, 10.431216, 68.65187709913236 
55.3668389, 10.4312132, 68.49788023453478 
55.3668401, 10.4312083, 68.59788705447833 
55.3668419, 10.4312046, 68.56489109579792 
55.3668433, 10.4312015, 68.49389461581049 
55.3668448, 10.4311983, 68.41689818135796 
55.3668458, 10.4311942, 68.24090389284949 
55.3668471, 10.4311913, 68.17590719773129 
55.3668485, 10.4311881, 67.98491088724533 
55.3668515, 10.4311863, 67.24391021899197 
55.3668515, 10.4311829, 67.03791598364568 
55.3668519, 10.4311787, 66.7259226086573 
55.3668527, 10.4311748, 66.30892822899293 
55.3668531, 10.4311717, 65.90293298895573 
55.3668532, 10.4311672, 65.4889404945904 
55.366853, 10.4311621, 65.1979493895056 
55.3668522, 10.4311567, 64.9479595370633 
55.3668499, 10.4311485, 65.36997629192021 
55.3668465, 10.4311379, 66.87399847976991 
55.3668428, 10.4311283, 68.66501934400408 
55.3668426, 10.4311237, 68.66602739101018 
55.3668434, 10.4311198, 68.40103301121667 
55.3668433, 10.4311172, 67.87103754333648 
55.3668438, 10.4311137, 67.4080428573481 
55.3668439, 10.4311103, 66.94104849780055 
55.3668446, 10.431108, 66.63505152929055 
55.3668451, 10.4311034, 66.52905870824188 
55.3668464, 10.4310991, 66.06106438656573 
55.3668482, 10.4310965, 65.75306656267072 
55.3668497, 10.4310941, 65.15506877167704 
55.3668517, 10.4310913, 64.55707103883613 
55.3668537, 10.4310889, 63.99307262781151 
55.3668558, 10.4310855, 63.3690757881796 
55.3668585, 10.4310822, 62.8210780349674 
55.3668607, 10.4310786, 62.20608141036591 
55.3668629, 10.4310752, 61.53808444665917 
55.3668655, 10.4310728, 60.84308529150066 
55.3668676, 10.4310695, 60.286088282212006 
55.3668697, 10.4310673, 59.87208940795766 
55.366873, 10.4310641, 59.12309074098776 
55.3668766, 10.4310611, 58.35409136286147 
55.3668794, 10.431058, 57.44309314631222 
55.3668824, 10.4310548, 56.71409485124477 
55.366883, 10.4310517, 56.04309936291011 
55.3668843, 10.4310481, 55.39310385417764 
55.366883, 10.4310439, 55.155112586997234 
55.3668795, 10.431039, 54.869125234799384 
55.3668813, 10.4310354, 54.39512910599961 
55.3668774, 10.4310305, 54.43414224976112 
55.3668759, 10.4310277, 54.33514885694853 
55.3668767, 10.4310226, 54.1421565112957 
55.3668776, 10.4310181, 53.781163024393464 
55.3668787, 10.4310153, 53.45016640733304 
55.3668803, 10.4310135, 53.09516747485037 
55.3668815, 10.4310103, 52.630171411909636 
55.3668825, 10.4310094, 52.31517169763916 
55.3668864, 10.4310062, 51.98417228638123 
55.3668908, 10.4310026, 51.722172933138914 
55.3668957, 10.4310006, 51.51817024715575 
55.3668935, 10.4309988, 51.10617602714252 
55.3668898, 10.4309954, 50.652186379873385 
55.3668851, 10.4309938, 50.39019492099213 
55.3668848, 10.4309916, 50.06919902280255 
55.3668847, 10.4309893, 50.17420304612303 
55.3668844, 10.4309881, 50.137205452574335 
55.3668848, 10.4309866, 50.37020749955883 
55.366884, 10.4309851, 50.69621103466076 
55.3668852, 10.4309821, 50.47921463258301 
55.3668841, 10.4309756, 50.82422701642044 
55.3668838, 10.430972, 51.099233491668215 
55.3668834, 10.4309686, 50.931239751846235 
55.3668838, 10.4309648, 50.69424569807846 
55.3668828, 10.4309618, 50.76025202415339 
55.3668824, 10.4309596, 50.77725624990704 
55.3668811, 10.4309564, 51.22226328704536 
55.3668815, 10.4309523, 51.13826974184033 
55.3668817, 10.4309501, 51.10927322353117 
55.3668824, 10.4309465, 51.05827845862792 
55.3668826, 10.4309439, 51.15128261843579 
55.3668837, 10.4309422, 51.096284136390864 
55.366884, 10.4309407, 51.286286307339196 
55.3668845, 10.4309377, 51.42129077323839 
55.366885, 10.4309341, 51.436296256316346 
55.3668858, 10.4309315, 51.647299672054814 
55.3668872, 10.4309285, 51.52630302185988 
55.3668885, 10.4309265, 51.31530480035801 
55.3668912, 10.4309226, 50.92930806378999 
55.366893, 10.4309189, 50.633312104223954 
55.366895, 10.4309166, 50.52631352319781 
55.3668957, 10.4309147, 50.35731587618733 
55.3668961, 10.4309133, 50.19931775355907 
55.3668975, 10.4309123, 50.06131771269107 
55.3668993, 10.4309104, 49.71231870153163 
55.3669026, 10.430907, 49.44832037309546 
55.3669061, 10.4309027, 49.305323322347554 
55.3669147, 10.4308996, 49.265317912275705 
55.3669181, 10.4308993, 49.697314204189354 
55.3669218, 10.430897, 49.593313514583414 
55.3669235, 10.4308943, 49.56431598350401 
55.3669278, 10.4308915, 49.57231539731765 
55.3669292, 10.4308887, 49.161318407798746 
55.3669324, 10.4308852, 48.90832037250878 
55.3669345, 10.4308818, 48.65232353194541 
55.3669367, 10.4308773, 48.42232843215175 
55.3669385, 10.4308725, 48.585334337030325 
55.3669399, 10.4308668, 48.60634226375533 
55.3669405, 10.430862, 48.70934965693357 
55.3669405, 10.4308566, 48.801358811432195 
55.3669409, 10.4308514, 49.16336713074079 
55.3669395, 10.4308462, 49.09837768253199 
55.3669367, 10.4308395, 50.03539251354665 
55.3669363, 10.430834, 50.0794023335693 
55.3669341, 10.4308275, 50.161416081259944 
55.3669338, 10.4308209, 50.09142764196334 
55.3669336, 10.4308157, 50.10743670527148 
55.3669341, 10.4308104, 50.029445069918445 
55.3669336, 10.4308041, 50.08645637000835 
55.366932, 10.4307992, 50.031466660989764 
55.3669312, 10.4307921, 49.91347968925239 
55.3669283, 10.4307856, 50.050494304760846 
55.3669277, 10.4307807, 50.1775033554186 
55.3669267, 10.4307733, 49.99151714014057 
55.3669269, 10.4307664, 49.979528588995336 
55.3669273, 10.4307621, 49.94053538227186 
55.3669271, 10.430756, 49.86154597098768 
55.3669264, 10.4307507, 49.978555823610286 
55.3669261, 10.4307459, 49.91556433254744 
55.3669251, 10.4307398, 50.10757591331023 
55.3669253, 10.4307346, 49.987584480191096 
55.3669235, 10.4307291, 50.188596035907906 
55.3669225, 10.4307235, 50.03860676898227 
55.3669197, 10.4307187, 49.8246183781299 
55.3669177, 10.4307151, 49.794626960936164 
55.3669122, 10.4307103, 50.34264191822787 
55.3669091, 10.4307053, 50.18765423820831 
55.3669067, 10.4307014, 50.07166382541874 
55.3669045, 10.430697, 50.36367401214048 
55.3668994, 10.4306921, 51.01168864246947 
55.3669011, 10.430689, 50.66169178931841 
55.3668999, 10.4306839, 50.761701922483674 
55.3668961, 10.4306785, 51.74371578817412 
55.3668948, 10.4306741, 52.07272485867432 
55.366892, 10.430669, 52.77573697569716 
55.3668889, 10.4306653, 53.54174709149843 
55.3668865, 10.4306615, 54.23575650877986 
55.3668849, 10.430657, 54.840766120628444 
55.3668852, 10.4306529, 55.164772698524544 
55.3668852, 10.4306493, 55.265778800846775 
55.3668847, 10.4306453, 55.34778620116182 
55.3668849, 10.4306414, 55.56879256399942 
55.3668872, 10.430641, 55.02579039016905 
55.3668884, 10.4306385, 55.073793139936804 
55.3668872, 10.4306341, 55.82680208622066 
55.3668872, 10.4306306, 56.185808018986336 
55.3668886, 10.4306269, 56.191812554838265 
55.3668888, 10.4306224, 56.441819934667336 
55.3668752, 10.430603, 61.52186968155728 
55.3668723, 10.4305936, 63.264889210571674 
55.3668719, 10.4305885, 64.15989835120011 
55.366872, 10.4305831, 64.74190738039 
55.366873, 10.4305798, 64.98191173413471 
55.3668753, 10.4305786, 64.98691091649495 
55.3668772, 10.4305767, 65.12191178130172 
55.366876, 10.4305721, 66.44692106626039 
55.3668787, 10.4305725, 66.39691704060432 
55.3668802, 10.4305722, 66.38391568929458 
55.366883, 10.4305712, 66.44091391263575 
55.3668847, 10.4305716, 66.51891112679965 
55.3668878, 10.4305704, 66.62190931711922 
55.3668906, 10.4305695, 66.78690737086828 
55.3668934, 10.4305675, 67.0959072891163 
55.3668958, 10.4305667, 67.00190566927697 
55.3668983, 10.4305655, 67.05790460342946 
55.3669001, 10.4305651, 67.08790304950953 
55.3669022, 10.4305646, 67.01490129308658 
55.3669048, 10.4305634, 66.88690010317413 
55.3669069, 10.4305615, 67.17290071975302 
55.3669089, 10.4305596, 67.22990146031371 
55.3669112, 10.4305587, 67.06090013382453 
55.3669135, 10.4305586, 66.92789745128856 
55.3669155, 10.4305572, 67.21589734428005 
55.3669176, 10.4305568, 67.18589541821967 
55.3669189, 10.4305549, 67.66489702672523 
55.3669218, 10.4305547, 67.64789376958522 
55.3669241, 10.4305537, 67.74989261247583 
55.3669253, 10.4305526, 67.83689298892891 
55.3669258, 10.4305501, 68.3588966064716 
55.3669257, 10.4305463, 69.28490317158928 
55.3669256, 10.4305429, 70.0769090586854 
55.366926, 10.43054, 70.7069134782274 
55.3669263, 10.4305373, 71.27291768276596 
55.3669242, 10.4305309, 73.14293113501097 
55.3669248, 10.4305284, 73.63693462851217 
55.3669264, 10.4305271, 73.84593484793226 
55.3669286, 10.4305258, 74.0749343232987 
55.3669307, 10.4305238, 74.28693510916244 
55.3669329, 10.4305217, 74.7239359404998 
55.3669345, 10.4305197, 75.12293734637409 
55.3669373, 10.4305191, 75.35493489109523 
55.3669394, 10.4305171, 75.645935676883 
55.366942, 10.4305156, 75.77193499508358 
55.3669442, 10.4305146, 75.84293396180534 
55.3669471, 10.4305151, 75.85392951788444 
55.3669482, 10.4305131, 76.23993154374412 
55.3669499, 10.4305114, 76.43693231699876 
55.3669525, 10.4305106, 76.64293044857814 
55.3669549, 10.4305097, 76.66192899766688 
55.3669577, 10.4305087, 76.75092722015609 
55.3669601, 10.4305089, 76.7019239046767 
55.3669628, 10.4305088, 76.61492072561177 
55.3669657, 10.4305078, 76.93591882398485 
55.3669683, 10.430507, 76.86891695539117 
55.3669706, 10.430506, 76.70591579784768 
55.3669715, 10.4305033, 77.05491925816858 
55.3669726, 10.4305015, 77.40192094491809 
55.3669753, 10.4305012, 77.3019181047171 
55.366977, 10.4305006, 77.0819170132665 
55.366979, 10.4304989, 77.22191741423771 
55.3669817, 10.4304977, 77.80091609947954 
55.3669839, 10.4304968, 78.35891489633806 
55.3669846, 10.4304943, 78.527918265666 
55.3669869, 10.4304924, 79.33291863348293 
55.3669892, 10.4304904, 79.93291917077944 
55.366991, 10.4304877, 80.06192151472925 
55.3669938, 10.4304869, 80.19491939779927 
55.3669963, 10.4304865, 80.20791697493638 
55.3669981, 10.4304852, 80.31191694581403 
55.3670002, 10.4304837, 80.43291688357085 
55.3670035, 10.4304826, 80.45491465484736 
55.3670059, 10.4304813, 80.69191388143688 
55.3670082, 10.4304801, 80.88691306254134 
55.3670104, 10.430479, 80.84391219816352 
55.3670123, 10.4304781, 80.98891136688857 
55.3670148, 10.4304771, 81.28290996084306 
55.3670166, 10.4304747, 81.67491179610164 
55.3670188, 10.4304731, 81.74591177915568 
55.3670219, 10.4304721, 81.92090962876905 
55.3670239, 10.4304712, 82.15390867335736 
55.3670261, 10.4304704, 82.33890730033221 
55.367029, 10.4304698, 82.43890471994202 
55.3670321, 10.4304697, 82.51990104390615 
55.3670345, 10.4304688, 82.57989959220458 
55.3670362, 10.4304675, 82.57689968685204 
55.367038, 10.4304664, 82.74589931843101 
55.3670404, 10.4304664, 82.74489634115275 
55.3670425, 10.4304652, 82.67289577003888 
55.3670447, 10.4304646, 82.4868940578386 
55.367047, 10.4304643, 82.37689171305479 
55.3670495, 10.4304645, 82.44488827262124 
55.3670522, 10.4304646, 82.20088475354432 
55.3670548, 10.4304651, 82.04688068048452 
55.367058, 10.4304642, 82.35087823606423 
55.3670599, 10.4304625, 82.49187876043571 
55.367062, 10.4304611, 82.59187852815802 
55.3670638, 10.4304598, 82.73287849855112 
55.3670656, 10.430459, 82.7018776214174 
55.367068, 10.4304574, 82.9238773558994 
55.3670709, 10.4304556, 83.32287680902994 
55.3670722, 10.4304529, 83.57387977273027 
55.3670745, 10.4304513, 83.57887963121502 
55.3670766, 10.4304504, 83.49587855129829 
55.3670793, 10.4304497, 83.5018763879379 
55.3670821, 10.4304487, 83.4378746089836 
55.3670836, 10.4304461, 83.72987715497776 
55.3670845, 10.4304429, 83.82988146240854 
55.3670861, 10.4304402, 84.0018840538118 
55.367088, 10.430439, 84.24588373044978 
55.3670903, 10.4304375, 84.45388341928219 
55.3670935, 10.4304364, 84.77888131340367 
55.3670965, 10.4304358, 85.0098786081248 
55.3670999, 10.4304354, 85.21587506748881 
55.3671011, 10.4304329, 85.86787781610487 
55.3671028, 10.4304324, 85.90387655426821 
55.3671055, 10.4304322, 85.85687354310548 
55.3671082, 10.4304313, 86.05487171842947 
55.3671111, 10.4304305, 86.08586947605383 
55.3671138, 10.4304295, 86.05086782081727 
55.3671153, 10.4304281, 86.17486833258457 
55.3671177, 10.4304273, 86.37486671055396 
55.3671206, 10.4304262, 86.65386497657195 
55.3671232, 10.4304251, 86.94186361482022 
55.3671259, 10.4304237, 87.10486263745959 
55.3671282, 10.4304226, 87.30086164792232 
55.3671305, 10.4304219, 87.3848599803515 
55.3671329, 10.4304215, 87.36085768015708 
55.3671359, 10.4304211, 87.4948546353763 
55.3671378, 10.4304201, 87.68885397261884 
55.3671397, 10.4304189, 87.91485364885283 
55.3671413, 10.430417, 88.11485488388178 
55.3671428, 10.4304162, 88.13285437846261 
55.3671444, 10.4304155, 88.09385357943391 
55.3671469, 10.430414, 88.21685301953673 
55.3671497, 10.4304131, 88.45985107029685 
55.3671518, 10.4304126, 88.39684931171477 
55.3671532, 10.4304117, 88.3178490998348 
55.3671545, 10.4304112, 88.3088483340353 
55.3671557, 10.4304109, 88.18384735332421 
55.3671579, 10.4304103, 87.92184564008977 
55.3671602, 10.4304091, 87.91784481975145 
55.3671633, 10.4304105, 87.89083859945943 
55.3671657, 10.4304094, 87.88883748545936 
55.3671672, 10.4304098, 87.70283494584436 
55.3671683, 10.4304095, 87.28783408917585 
55.3671713, 10.4304099, 87.21082968791552 
55.3671739, 10.4304116, 87.04282357950035 
55.3671769, 10.4304116, 86.81781985617863 
55.3671792, 10.4304107, 86.96581852714507 
55.3671809, 10.4304108, 86.85081624772411 
55.3671831, 10.4304111, 86.13681300871119 
55.3671858, 10.430412, 85.84580813207145 
55.3671881, 10.4304134, 85.79580290433738 
55.3671908, 10.4304155, 85.4927959935679 
55.3671927, 10.4304159, 85.43179295730184 
55.3671949, 10.430416, 85.17179005717728 
55.3671972, 10.4304159, 85.00178737192195 
55.3671995, 10.4304169, 84.50778282207952 
55.3672016, 10.4304164, 84.28978106304574 
55.3672043, 10.4304171, 84.00977652517936 
55.3672054, 10.4304168, 83.89377566833403 
55.3672073, 10.4304179, 83.66777144539725 
55.3672092, 10.4304184, 83.44676823948032 
55.3672112, 10.4304192, 83.2847644008998 
55.3672125, 10.4304194, 83.15176244823334 
55.3672141, 10.4304187, 82.93776164873543 
55.3672155, 10.4304187, 83.0307599109372 
55.3672172, 10.4304186, 83.10075797024894 
55.367218, 10.4304174, 82.74275901129356 
55.3672191, 10.4304164, 82.57375934093122 
55.3672192, 10.4304158, 82.54576023384139 
55.3672196, 10.430413, 82.47676448350572 
55.3672202, 10.4304114, 82.77476645082703 
55.3672224, 10.4304121, 82.61376253340003 
55.3672238, 10.4304119, 82.58276113456833 
55.3672244, 10.4304106, 82.59676259336106 
55.3672254, 10.4304095, 82.96576321660822 
55.3672274, 10.4304094, 82.91976090345258 
55.367227, 10.4304084, 83.04576309505201 
55.3672276, 10.4304091, 83.10476116370522 
55.3672289, 10.4304099, 83.19975819391077 
55.3672301, 10.4304098, 83.14975687380351 
55.3672316, 10.4304091, 83.0727561983249 
55.3672325, 10.430408, 83.10475694567931 
55.3672332, 10.4304067, 83.14475828031567 
55.3672339, 10.4304065, 83.06975775037616 
55.3672346, 10.430406, 82.9517577289547 
55.3672362, 10.4304058, 82.95675608177756 
55.3672367, 10.4304065, 83.01775427454305 
55.3672369, 10.4304057, 83.06075538232247 
55.3672372, 10.4304056, 83.25075517941636 
55.3672377, 10.4304059, 83.18275405020687 
55.3672383, 10.4304063, 83.19875262735098 
55.3672386, 10.4304057, 83.31075327197749 
55.3672388, 10.4304054, 83.29975353222136 
55.3672389, 10.4304065, 83.16975154350706 
55.3672393, 10.4304068, 83.06875053843183 
55.3672392, 10.4304073, 83.06374981503551 
55.3672392, 10.4304073, 83.0247498150355 
55.367239, 10.4304076, 83.12274955479167 
55.3672387, 10.4304081, 83.09374907967201 
55.3672383, 10.4304088, 83.11974838967609 
55.3672379, 10.4304088, 83.11474888622905 
55.3672381, 10.4304091, 83.13774812943137 
55.367238, 10.4304096, 83.08774740603401 
55.3672378, 10.4304109, 83.00774545071707 
55.3672378, 10.4304105, 83.08074612874593 
55.367238, 10.4304103, 83.21874621948383 
